time;x;y;fx;fy
63;120;-120;0;108
126;120;-120;0;108
189;120;-120;0;108
252;120;-119;0;120
315;120;-117;0;120
378;120;-115;0;120
441;120;-112;0;120
504;120;-110;0;120
567;120;-109;0;121
630;120;-107;0;121
693;120;-104;0;121
756;120;-102;0;121
819;120;-100;0;121
882;120;-98;0;128
945;120;-95;0;128
1008;120;-93;0;128
1071;120;-92;0;128
1134;120;-90;0;128
1197;120;-86;0;173
1260;120;-83;0;173
1323;120;-81;0;173
1386;120;-78;0;173
1449;120;-73;0;173
1512;120;-71;0;172
1575;120;-68;0;172
1638;120;-66;0;172
1701;120;-61;0;172
1764;120;-58;0;172
1827;120;-56;0;169
1890;120;-53;0;169
1953;120;-51;0;169
2016;120;-45;0;169
2079;120;-43;0;169
2142;120;-41;0;152
2205;120;-37;0;152
2268;120;-35;0;152
2331;120;-33;0;152
2394;120;-30;0;152
2457;120;-26;0;182
2520;120;-23;0;182
2583;120;-21;0;182
2646;120;-18;0;182
2709;120;-13;0;208
2772;120;-10;0;208
2835;120;-6;0;208
2898;120;0;0;208
2961;120;3;0;208
3024;120;6;0;186
3087;120;8;0;186
3150;120;13;0;186
3213;120;16;0;186
3276;120;19;0;186
3339;120;21;0;167
3402;120;26;0;167
3465;120;29;0;167
3528;120;31;0;167
3591;120;34;0;167
3654;120;39;0;174
3717;120;41;0;174
3780;120;44;0;174
3843;120;46;0;174
3906;120;51;0;174
3969;120;54;0;165
4032;120;56;0;165
4095;120;59;0;165
4158;120;64;0;165
4221;120;66;0;165
4284;120;68;0;123
4347;120;70;0;123
4410;120;73;0;123
4473;120;75;0;123
4536;120;77;0;123
4599;120;78;0;110
4662;120;78;0;110
4725;120;78;0;110
4788;120;78;0;110
4851;120;78;0;110
4914;120;81;0;155
4977;120;83;0;155
5040;120;85;-27;155
5103;120;87;-27;155
5166;120;91;-27;150
5229;120;93;-27;150
5292;120;95;-27;150
5355;120;97;0;150
5418;120;101;0;150
5481;120;103;0;116
5544;120;105;0;116
5607;120;106;0;116
5670;120;109;0;116
5733;120;111;0;116
5796;120;112;0;116
5859;120;112;0;58
5922;120;112;0;58
5985;120;112;0;58
6048;120;112;0;58
6111;120;112;0;58
6174;120;112;0;0
6237;120;112;0;0
6300;120;112;0;0
6363;120;112;0;0
6426;120;112;0;58
6489;120;112;0;58
6552;120;112;0;58
6615;120;112;-26;58
6678;120;112;-26;58
6741;120;112;-26;69
6804;120;112;-26;69
6867;120;112;-26;69
6930;120;112;-26;69
6993;120;112;-26;69
7056;120;112;-26;39
7119;120;112;-26;39
7182;120;112;0;39
7245;120;112;0;39
7308;120;112;0;39
7371;120;112;0;35
7434;120;112;0;35
7497;120;112;-29;35
7560;120;112;-29;35
7623;120;112;-29;35
7686;120;112;-29;0
7749;120;112;-29;0
7812;120;112;-73;0
7875;120;112;-73;0
7938;120;112;-73;0
8001;120;112;-73;0
8064;120;112;-73;0
8127;120;112;-73;0
8190;120;112;-103;0
8253;120;112;-103;-29
8316;120;112;-103;-29
8379;120;112;-103;-29
8442;118;112;-140;-29
8505;116;112;-140;-29
8568;114;112;-140;-35
8631;112;112;-140;-35
8694;108;112;-140;-35
8757;106;112;-152;-35
8820;104;112;-152;-35
8883;102;112;-152;-64
8946;97;112;-152;-64
9009;95;112;-152;-64
9072;93;112;0;-64
9135;93;112;0;-64
9198;93;109;0;-190
9261;93;106;0;-190
9324;93;103;0;-190
9387;93;101;0;-190
9450;93;95;0;-161
9513;93;93;0;-161
9576;93;90;0;-161
9639;93;88;0;-161
9702;93;83;-74;-161
9765;93;80;-74;0
9828;93;80;-74;0
9891;93;80;-74;0
9954;93;80;-87;0
10017;93;80;-87;0
10080;93;80;-87;0
10143;93;80;-87;-40
10206;93;80;-87;-40
10269;93;80;-87;-40
10332;93;80;-93;-40
10395;93;80;-93;-40
10458;93;80;-93;-72
10521;93;80;-93;-72
10584;93;80;-93;-72
10647;93;80;-108;-72
10710;93;80;-108;-98
10773;93;80;-108;-98
10836;93;80;-108;-98
10899;93;80;-108;-98
10962;90;80;-139;-98
11025;88;80;-139;-87
11088;86;80;-139;-87
11151;84;80;-139;-87
11214;80;80;-145;-87
11277;78;80;-145;-87
11340;76;80;-145;-107
11403;74;80;-145;-107
11466;70;80;-145;-107
11529;69;80;-30;-107
11592;69;80;-30;-107
11655;69;80;-30;-160
11718;69;75;-30;-160
11781;69;73;-30;-160
11844;69;70;-70;-160
11907;69;68;-70;-160
11970;69;63;-70;-161
12033;69;60;-70;-161
12096;69;58;-70;-161
12159;69;52;-70;-161
12222;67;50;-129;-161
12285;65;50;-129;-44
12348;64;50;-129;-44
12411;62;50;-129;-44
12474;60;50;-129;-44
12537;57;50;-131;-44
12600;55;50;-131;-50
12663;53;50;-131;-50
12726;50;50;-131;-50
12789;48;50;-131;-50
12852;46;50;-131;-50
12915;46;49;-56;-142
12978;46;45;-56;-142
13041;46;43;-56;-142
13104;46;41;-56;-142
13167;46;39;-56;-142
13230;46;37;-103;-79
13293;46;37;-103;-79
13356;46;37;-103;-79
13419;46;37;-103;-79
13482;46;37;-103;-79
13545;44;37;-128;-51
13608;42;37;-128;-51
13671;40;37;-128;-51
13734;37;37;-128;-51
13797;35;37;-116;-78
13860;33;37;-116;-78
13923;32;37;-116;-78
13986;29;37;-116;-78
14049;27;37;-116;-78
14112;26;37;-81;-147
14175;26;35;-81;-147
14238;26;33;-81;-147
14301;26;29;-81;-147
14364;26;27;-81;-147
14427;26;25;-81;-147
14490;26;25;-95;-105
14553;26;25;-95;-105
14616;26;25;-95;-105
14679;26;25;-95;-105
14742;26;25;-108;-105
14805;26;25;-108;-101
14868;26;25;-108;-101
14931;26;25;-108;-101
14994;26;25;-108;-101
15057;25;25;-114;-101
15120;24;25;-114;-102
15183;22;25;-114;-102
15246;19;25;-114;-102
15309;18;25;-114;-102
15372;16;25;-114;-102
15435;15;24;-114;-138
15498;12;20;-114;-138
15561;10;18;-114;-138
15624;9;16;-114;-138
15687;8;12;-46;-196
15750;8;9;-46;-196
15813;8;5;-46;-196
15876;8;2;-46;-196
15939;8;-3;-84;-196
16002;8;-6;-84;-96
16065;8;-6;-84;-96
16128;8;-6;-84;-96
16191;8;-6;-84;-96
16254;8;-6;-95;-96
16317;8;-6;-95;-94
16380;8;-6;-95;-94
16443;8;-6;-95;-94
16506;8;-6;-95;-94
16569;8;-6;-95;-94
16632;8;-6;-107;-94
16695;8;-6;-107;-95
16758;8;-6;-107;-95
16821;8;-6;-107;-95
16884;8;-6;-107;-95
16947;6;-6;-121;-95
17010;3;-6;-121;-85
17073;1;-6;-121;-85
17136;0;-6;-121;-85
17199;-1;-6;-121;-85
17262;-3;-6;-122;-85
17325;-6;-6;-122;-103
17388;-8;-6;-122;-103
17451;-10;-6;-122;-103
17514;-11;-6;-122;-103
17577;-13;-7;-87;-134
17640;-13;-9;-87;-134
17703;-13;-11;-87;-134
17766;-13;-14;-87;-134
17829;-13;-16;-80;-134
17892;-13;-18;-80;-126
17955;-13;-21;-80;-126
18018;-13;-23;-80;-126
18081;-13;-24;-80;-126
18144;-13;-26;-116;-126
18207;-14;-28;-116;-80
18270;-16;-28;-116;-80
18333;-19;-28;-116;-80
18396;-20;-28;-116;-80
18459;-22;-28;-106;-80
18522;-22;-29;-106;-113
18585;-22;-31;-106;-113
18648;-22;-32;-106;-113
18711;-22;-34;-106;-113
18774;-22;-37;-85;-113
18837;-22;-39;-85;-130
18900;-22;-40;-85;-130
18963;-22;-42;-85;-130
19026;-22;-45;-85;-130
19089;-23;-47;-144;-130
19152;-25;-47;-144;-56
19215;-27;-47;-144;-56
19278;-31;-47;-144;-56
19341;-33;-47;-144;-56
19404;-35;-47;-141;-56
19467;-39;-47;-141;-77
19530;-41;-47;-141;-77
19593;-43;-47;-141;-77
19656;-45;-47;-141;-77
19719;-47;-47;-114;-77
19782;-50;-47;-114;-110
19845;-51;-47;-114;-110
19908;-53;-47;-114;-110
19971;-54;-47;-114;-110
20034;-57;-47;-114;-110
20097;-59;-48;-114;-128
20160;-62;-51;-114;-128
20223;-62;-51;-114;-128
20286;-65;-55;-96;-128
20349;-65;-57;-96;-128
20412;-65;-58;-96;-156
20475;-65;-63;-96;-156
20538;-65;-65;-96;-156
20601;-65;-67;-90;-156
20664;-65;-71;-90;-114
20727;-65;-71;-90;-114
20790;-65;-74;-90;-114
20853;-65;-75;-90;-114
20916;-65;-77;-112;-114
20979;-67;-80;-112;-114
21042;-69;-80;-112;-98
21105;-70;-80;-112;-98
21168;-72;-80;-112;-98
21231;-73;-80;-112;-98
21294;-74;-80;-102;-98
21357;-74;-81;-102;-129
21420;-74;-84;-102;-129
21483;-74;-84;-102;-129
21546;-74;-88;-77;-129
21609;-74;-90;-77;-129
21672;-74;-92;-77;-141
21735;-74;-94;-77;-141
21798;-74;-98;-77;-141
21861;-75;-100;-129;-141
21924;-76;-102;-129;-141
21987;-80;-103;-129;-84
22050;-80;-103;-129;-84
22113;-83;-103;-129;-84
22176;-85;-103;-178;-84
22239;-91;-103;-178;-82
22302;-91;-103;-178;-82
22365;-97;-103;-178;-82
22428;-100;-103;-178;-82
22491;-102;-103;-94;-82
22554;-102;-103;-94;-82
22617;-102;-105;-94;-112
22680;-102;-106;-94;-112
22743;-102;-109;-106;-112
22806;-102;-111;-106;-112
22869;-102;-112;-106;-79
22932;-102;-112;-106;-79
22995;-102;-112;-106;-79
23058;-102;-112;-204;-79
23121;-104;-112;-204;-79
23184;-107;-112;-204;-79
23247;-110;-112;-204;-37
23310;-116;-112;-204;-37
23373;-119;-112;-204;-37
23436;-121;-112;-170;-37
23499;-124;-112;-170;-37
23562;-128;-112;-170;-53
23625;-131;-112;-170;-53
23688;-133;-112;-170;-53
23751;-134;-112;-46;-53
23814;-134;-112;-46;0
23877;-134;-112;-46;0
23940;-134;-112;-46;0
24003;-134;-112;0;0
24066;-134;-112;0;0
24129;-134;-112;0;0
24192;-134;-112;0;0
24255;-134;-112;0;0
24318;-134;-112;0;0
24381;-134;-112;0;0
24444;-134;-112;0;0
24507;-134;-112;0;0
24570;-134;-112;0;0
24633;-134;-112;0;0
24696;-134;-112;0;0
24759;-134;-112;0;0
24822;-134;-112;0;0
24885;-134;-112;0;0
24948;-134;-112;0;0
25011;-134;-112;0;0
25074;-134;-112;0;0
25137;-134;-112;0;0
25200;-134;-112;0;0
25263;-134;-112;61;0
25326;-134;-112;61;0
25389;-134;-112;61;0
25452;-134;-112;61;0
25515;-134;-112;61;0
25578;-131;-112;338;0
25641;-127;-112;338;0
25704;-123;-112;338;0
25767;-120;-112;338;0
25830;-113;-112;338;0
25893;-109;-112;319;0
25956;-102;-112;319;33
26019;-102;-112;319;33
26082;-94;-112;319;33
26145;-91;-112;319;33
26208;-86;-112;266;33
26271;-77;-112;266;41
26334;-72;-112;266;41
26397;-67;-112;266;41
26460;-63;-112;266;41
26523;-58;-112;302;41
26586;-51;-112;302;40
26649;-48;-112;302;40
26712;-44;-112;302;40
26775;-40;-112;302;40
26838;-33;-112;334;40
26901;-29;-112;334;40
26964;-26;-112;334;0
27027;-18;-112;334;0
27090;-15;-112;334;0
27153;-11;-112;317;0
27216;-4;-112;317;0
27279;-4;-112;317;0
27342;3;-112;317;0
27405;6;-112;317;0
27468;10;-112;340;0
27531;17;-112;340;0
27594;21;-112;340;0
27657;24;-112;340;0
27720;32;-112;340;0
27783;32;-112;340;0
27846;39;-112;293;0
27909;43;-112;293;0
27972;46;-112;293;0
28035;54;-112;293;0
28098;54;-112;293;0
28161;63;-112;248;0
28224;72;-112;248;0
28287;72;-112;248;0
28350;82;-112;248;0
28413;86;-112;198;0
28476;89;-112;198;0
28539;95;-112;198;0
28602;99;-112;198;0
28665;102;-112;198;0
28728;104;-112;57;0
28791;104;-112;57;0
28854;104;-112;57;0
28917;104;-112;57;0
28980;104;-112;57;0
29043;104;-112;0;0
29106;104;-112;0;0
29169;104;-112;0;0
29232;104;-112;0;0
29295;104;-112;0;0
29358;104;-112;42;0
29421;104;-112;42;0
29484;104;-112;42;0
29547;104;-112;42;0
29610;104;-112;0;0
29673;104;-112;0;0
29736;104;-112;0;0
29799;104;-110;0;145
29862;104;-108;0;145
29925;104;-106;0;145
29988;104;-104;0;145
30051;104;-100;0;145
30114;104;-98;0;153
30177;104;-96;0;153
30240;104;-94;0;153
30303;104;-92;0;153
30366;104;-88;0;153
30429;104;-87;0;0
30492;104;-87;0;0
30555;104;-87;0;0
30618;104;-87;-68;0
30681;104;-87;-68;0
30744;104;-87;-68;0
30807;104;-87;-68;0
30870;104;-87;-68;0
30933;104;-87;-65;0
30996;104;-87;-65;0
31059;104;-87;-65;0
31122;104;-87;-65;0
31185;104;-87;-80;0
31248;104;-87;-80;0
31311;104;-87;-80;32
31374;104;-87;-80;32
31437;104;-87;-80;32
31500;104;-87;-92;32
31563;104;-87;-92;32
31626;104;-87;-92;0
31689;104;-87;-92;0
31752;104;-87;-103;0
31815;104;-87;-103;0
31878;104;-87;-103;0
31941;104;-87;-103;0
32004;104;-87;-103;0
32067;104;-87;-103;0
32130;102;-87;-120;0
32193;101;-87;-120;0
32256;97;-87;-120;0
32319;96;-87;-120;0
32382;94;-87;-120;0
32445;92;-87;-128;0
32508;91;-87;-128;0
32571;87;-87;-128;0
32634;85;-87;-128;0
32697;84;-87;-128;0
32760;83;-87;-36;0
32823;83;-87;-36;0
32886;83;-87;-36;0
32949;83;-85;-36;310
33012;83;-78;-61;310
33075;83;-74;-61;310
33138;83;-70;-61;310
33201;83;-67;-61;310
33264;83;-64;-61;0
33327;83;-64;-66;0
33390;83;-64;-66;0
33453;83;-64;-66;0
33516;83;-64;-66;0
33579;83;-64;-66;0
33642;83;-64;-86;0
33705;83;-64;-86;0
33768;83;-64;-86;0
33831;83;-64;-86;0
33894;83;-64;-86;0
33957;83;-64;-104;0
34020;83;-64;-104;0
34083;83;-64;-104;0
34146;83;-64;-104;0
34209;83;-64;-104;78
34272;81;-64;-146;78
34335;79;-64;-146;78
34398;75;-64;-146;78
34461;75;-64;-146;78
34524;71;-64;-146;89
34587;69;-64;-133;89
34650;68;-64;-133;89
34713;64;-64;-133;89
34776;63;-62;-133;169
34839;61;-60;-133;169
34902;60;-57;-68;169
34965;60;-52;-68;169
35028;60;-50;-68;169
35091;60;-47;-68;227
35154;60;-44;-68;227
35217;60;-37;-71;227
35280;60;-34;-71;227
35343;60;-30;-71;227
35406;60;-28;-71;0
35469;60;-28;-121;0
35532;58;-28;-121;0
35595;56;-28;-121;-44
35658;54;-28;-121;-44
35721;51;-28;-121;-44
35784;49;-28;-230;-44
35847;45;-28;-230;-44
35910;42;-28;-230;-34
35973;34;-28;-230;-34
36036;30;-28;-230;-34
36099;27;-28;-95;-34
36162;27;-28;-95;-34
36225;27;-28;-95;28
36288;27;-28;-95;28
36351;27;-25;-95;197
36414;27;-22;-95;197
36477;27;-16;-92;197
36540;27;-12;-92;197
36603;27;-9;-92;197
36666;27;-9;-92;57
36729;25;-9;-182;57
36792;22;-9;-182;57
36855;19;-9;-182;57
36918;16;-9;-182;57
36981;11;-9;-182;-33
37044;8;-9;-165;-33
37107;6;-9;-165;-33
37170;3;-9;-165;0
37233;-1;-7;-165;150
37296;-3;-5;-165;150
37359;-5;-3;-60;150
37422;-5;-1;-60;150
37485;-5;2;-60;150
37548;-5;4;-60;181
37611;-5;6;-60;181
37674;-5;12;-87;181
37737;-5;14;-87;181
37800;-5;17;-87;181
37863;-5;19;-87;181
37926;-5;22;-87;0
37989;-5;22;-102;0
38052;-5;22;-102;0
38115;-5;22;-102;0
38178;-5;22;-102;0
38241;-5;22;-104;0
38304;-5;22;-104;0
38367;-5;22;-104;0
38430;-5;22;-104;0
38493;-5;22;-104;0
38556;-5;22;-104;0
38619;-6;22;-121;0
38682;-8;22;-121;0
38745;-11;22;-121;0
38808;-13;22;-121;0
38871;-15;22;-121;54
38934;-18;22;-142;54
38997;-20;22;-142;54
39060;-22;22;-142;54
39123;-24;22;-142;54
39186;-26;24;-142;359
39249;-27;31;-74;359
39312;-27;35;-74;359
39375;-27;38;-74;359
39438;-27;42;-74;359
39501;-27;44;-74;0
39564;-27;44;-104;0
39627;-27;44;-104;0
39690;-27;44;-104;0
39753;-27;44;-104;0
39816;-27;44;-111;0
39879;-29;44;-111;0
39942;-30;44;-111;0
40005;-32;44;-111;0
40068;-35;44;-111;0
40131;-37;44;-130;0
40194;-40;44;-130;0
40257;-42;44;-130;0
40320;-43;44;-130;0
40383;-45;45;-130;216
40446;-47;48;-79;216
40509;-47;51;-79;216
40572;-47;58;-79;216
40635;-47;61;-79;216
40698;-47;65;-79;0
40761;-48;65;-119;0
40824;-50;65;-119;0
40887;-51;65;-119;0
40950;-53;65;-119;0
41013;-54;65;-119;0
41076;-56;65;-109;0
41139;-56;65;-109;0
41202;-56;65;-109;0
41265;-56;65;-109;0
41328;-56;65;-109;73
41391;-56;65;-91;73
41454;-56;65;-91;73
41517;-56;65;-91;73
41580;-56;65;-91;73
41643;-56;65;-91;75
41706;-57;65;-145;75
41769;-59;65;-145;75
41832;-63;65;-145;75
41895;-65;65;-145;75
41958;-67;65;-145;75
42021;-69;65;-142;92
42084;-73;65;-142;92
42147;-75;65;-142;92
42210;-77;65;-142;92
42273;-80;65;-75;278
42336;-80;70;-75;278
42399;-80;75;-75;278
42462;-80;80;-75;278
42525;-80;84;-75;278
42588;-80;94;-69;54
42651;-80;94;-69;54
42714;-80;94;-69;54
42777;-80;94;-69;54
42840;-80;94;-69;54
42903;-80;94;-69;54
42966;-80;94;-104;0
43029;-80;94;-104;0
43092;-80;94;-104;-26
43155;-80;94;-104;-26
43218;-80;94;-104;-26
43281;-83;94;-124;-26
43344;-85;94;-124;-26
43407;-87;94;-124;0
43470;-90;94;-124;0
43533;-92;94;-151;0
43596;-95;94;-151;0
43659;-97;94;-151;0
43722;-99;94;-151;0
43785;-101;94;-151;0
43848;-105;95;-84;135
43911;-105;97;-84;135
43974;-105;99;-84;135
44037;-105;101;-84;135
44100;-105;105;-84;135
44163;-105;107;-78;62
44226;-105;107;-78;62
44289;-105;107;-78;62
44352;-105;107;-78;62
44415;-105;107;-78;62
44478;-105;107;-95;0
44541;-105;107;-95;0
44604;-105;107;-95;0
44667;-105;107;-95;0
44730;-105;107;-97;0
44793;-105;107;-97;0
44856;-105;107;-97;0
44919;-105;107;-97;0
44982;-105;107;-97;0
45045;-105;107;-97;0
45108;-107;107;-120;68
45171;-108;107;-120;68
45234;-112;107;-120;68
45297;-113;107;-120;68
45360;-115;107;-120;68
45423;-118;107;-113;62
45486;-120;107;-113;62
45549;-123;107;-113;62
45612;-124;107;-113;62
45675;-126;110;-113;258
45738;-126;115;-55;258
45801;-126;124;-55;258
45864;-126;130;-55;258
45927;-126;130;-55;258
45990;-126;130;0;0
46053;-126;130;0;0
46116;-126;130;0;-38
46179;-126;130;0;-38
46242;-126;130;0;-38
46305;-126;130;0;-38
46368;-126;130;0;-38
46431;-126;130;0;-44
46494;-126;130;0;-44
46557;-126;130;0;-44
46620;-126;130;0;-44
46683;-126;130;0;-39
46746;-126;130;0;-39
46809;-126;130;0;-39
46872;-126;130;0;-39
46935;-126;130;0;-39
46998;-126;130;0;-39
47061;-126;130;0;-34
47124;-126;130;0;-34
47187;-126;130;0;-34
47250;-126;130;0;-34
47313;-126;130;0;-34
47376;-126;130;0;-34
47439;-126;130;0;-34
47502;-126;130;0;-34
47565;-126;130;0;-34
47628;-126;130;0;-34
47691;-126;130;0;-96
47754;-126;130;0;-96
47817;-126;130;0;-96
47880;-126;130;0;-96
47943;-126;128;0;-192
48006;-126;125;0;-192
48069;-126;123;0;-192
48132;-126;120;0;-192
48195;-126;117;0;-192
48258;-126;112;0;-192
48321;-126;109;0;-223
48384;-126;105;0;-223
48447;-126;102;0;-223
48510;-126;95;0;-223
48573;-126;92;0;-223
48636;-126;89;0;-186
48699;-126;84;0;-186
48762;-126;81;0;-186
48825;-126;79;0;-186
48888;-126;76;0;-186
48951;-126;71;0;-190
49014;-126;68;0;-190
49077;-126;65;0;-190
49140;-126;63;0;-190
49203;-126;57;0;-197
49266;-126;54;0;-197
49329;-126;50;0;-197
49392;-126;44;0;-197
49455;-126;41;0;-197
49518;-126;37;0;-197
49581;-126;34;0;-194
49644;-126;27;0;-194
49707;-126;24;0;-194
49770;-126;21;0;-194
49833;-126;18;0;-194
49896;-126;15;0;-189
49959;-126;12;0;-189
50022;-126;6;0;-189
50085;-126;4;0;-189
50148;-126;1;0;-189
50211;-126;-1;0;-177
50274;-126;-6;0;-177
50337;-126;-8;0;-177
50400;-126;-11;0;-177
50463;-126;-13;0;-177
50526;-126;-18;0;-181
50589;-126;-21;0;-181
50652;-126;-24;0;-181
50715;-126;-26;0;-181
50778;-126;-31;0;-190
50841;-126;-37;0;-190
50904;-126;-42;0;-190
50967;-126;-48;0;-187
51030;-126;-50;0;-187
51093;-126;-55;0;-187
51156;-126;-58;26;-187
51219;-126;-61;26;-187
51282;-126;-63;26;-179
51345;-126;-66;26;-179
51408;-126;-71;26;-179
51471;-126;-73;26;-179
51534;-126;-79;46;-179
51597;-126;-81;46;-167
51660;-126;-84;46;-167
51723;-126;-86;46;-167
51786;-126;-91;55;-167
51849;-126;-94;55;-167
51912;-126;-96;55;-153
51975;-126;-98;55;-153
52038;-126;-100;55;-153
52101;-126;-104;54;-153
52164;-126;-106;54;-153
52227;-126;-107;54;-103
52290;-126;-107;54;-103
52353;-126;-107;54;-103
52416;-126;-107;0;-103
52479;-126;-107;0;-103
52542;-126;-107;0;-48
52605;-126;-107;0;-48
52668;-126;-107;0;-48
52731;-126;-107;33;-48
52794;-126;-107;33;-48
52857;-126;-107;33;-72
52920;-126;-107;33;-72
52983;-126;-107;33;-72
53046;-126;-107;69;-72
53109;-126;-107;69;-73
53172;-126;-107;69;-73
53235;-126;-107;240;-73
53298;-122;-107;240;-73
53361;-119;-107;240;-94
53424;-115;-107;240;-94
53487;-111;-107;240;-94
53550;-104;-107;240;-94
53613;-94;-107;244;-94
53676;-90;-107;244;-82
53739;-85;-107;244;-82
53802;-80;-107;244;-82
53865;-76;-107;244;-82
53928;-69;-107;222;-82
53991;-62;-107;222;-38
54054;-59;-107;222;-38
54117;-56;-107;222;-38
54180;-53;-107;189;-38
54243;-49;-107;189;-38
54306;-46;-107;189;-38
54369;-40;-107;189;0
54432;-36;-107;189;0
54495;-30;-107;229;0
54558;-27;-107;229;0
54621;-20;-107;229;-28
54684;-17;-107;229;-28
54747;-13;-107;251;-28
54810;-3;-107;251;-28
54873;0;-107;251;-27
54936;5;-107;251;-27
54999;10;-107;251;-27
55062;18;-107;241;-27
55125;22;-107;241;-27
55188;26;-107;241;0
55251;29;-107;241;0
55314;33;-107;241;0
55377;40;-107;227;0
55440;43;-107;227;0
55503;50;-107;227;0
55566;56;-107;227;0
55629;59;-107;180;0
55692;61;-107;180;0
55755;64;-107;180;0
55818;66;-107;180;0
55881;69;-107;180;0
55944;73;-107;117;0
56007;76;-107;117;0
56070;78;-107;117;-34
56133;79;-107;117;-34
56196;81;-107;117;-34
56259;83;-107;156;-34
56322;85;-107;156;-34
56385;87;-107;156;-34
56448;91;-107;156;-37
56511;96;-107;142;-37
56574;98;-107;142;-37
56637;100;-107;142;-37
56700;102;-107;142;-32
56763;104;-107;142;-32
56826;108;-107;133;-32
56889;109;-107;133;-32
56952;111;-107;133;-32
57015;113;-107;133;-27
57078;115;-107;133;-27
57141;116;-107;133;-27
57204;118;-107;0;-27
57267;118;-107;0;0
57330;118;-107;0;0
57393;118;-107;0;0
57456;118;-107;0;0
57519;118;-107;0;0
57582;118;-107;0;0
57645;118;-107;0;0
57708;118;-107;0;54
57771;118;-107;0;54
57834;118;-107;0;54
57897;118;-107;0;54
57960;118;-107;0;54
58023;118;-107;0;54
58086;118;-107;0;81
58149;118;-107;0;81
58212;118;-107;0;81
58275;118;-107;0;81
58338;118;-106;-28;137
58401;118;-104;-28;137
58464;118;-102;-28;137
58527;118;-100;-28;137
58590;118;-98;-28;137
58653;118;-94;-52;133
58716;118;-92;-52;133
58779;118;-91;-52;133
58842;118;-89;-52;133
58905;118;-86;-52;133
58968;118;-84;-55;0
59031;118;-84;-55;0
59094;118;-84;-55;0
59157;118;-84;-55;-35
59220;118;-84;-55;-35
59283;118;-84;-121;-35
59346;116;-84;-121;-35
59409;112;-84;-121;-35
59472;111;-84;-121;0
59535;109;-84;-121;0
59598;107;-84;-117;0
59661;104;-84;-117;0
59724;103;-84;-117;0
59787;101;-84;-117;0
59850;100;-84;-117;0
59913;98;-84;-59;108
59976;98;-84;-59;108
60039;98;-84;-59;108
60102;98;-84;-59;108
60165;98;-84;-59;108
60228;98;-84;-87;56
60291;98;-84;-87;56
60354;98;-84;-87;56
60417;98;-84;-87;56
60480;98;-84;-87;56
60543;97;-84;-111;0
60606;96;-84;-111;0
60669;93;-84;-111;0
60732;91;-84;-111;0
60795;90;-84;-111;0
60858;86;-84;-120;68
60921;85;-84;-120;68
60984;83;-84;-120;68
61047;80;-84;-120;68
61110;79;-83;-47;242
61173;79;-79;-47;242
61236;79;-76;-47;242
61299;79;-72;-47;242
61362;79;-65;-47;242
61425;79;-62;-53;95
61488;79;-62;-53;95
61551;79;-62;-53;95
61614;79;-62;-53;95
61677;79;-62;-53;95
61740;79;-62;-86;0
61803;79;-62;-86;0
61866;79;-62;-86;0
61929;79;-62;-86;0
61992;79;-62;-86;0
62055;79;-62;-125;0
62118;75;-62;-125;0
62181;73;-62;-125;0
62244;72;-62;-125;0
62307;70;-62;-125;0
62370;68;-62;-125;0
62433;68;-62;-109;73
62496;68;-62;-109;73
62559;68;-62;-109;73
62622;68;-62;-109;73
62685;68;-58;-51;256
62748;68;-54;-51;256
62811;68;-49;-51;256
62874;68;-39;-51;256
62937;68;-35;-51;256
63000;68;-32;-106;0
63063;68;-32;-106;0
63126;68;-32;-106;0
63189;68;-32;-106;-64
63252;68;-32;-106;-64
63315;68;-32;-107;-64
63378;68;-32;-107;-64
63441;68;-32;-107;-64
63504;68;-32;-107;-37
63567;68;-32;-107;-37
63630;64;-32;-217;-37
63693;60;-32;-217;-37
63756;56;-32;-217;-37
63819;53;-32;-217;0
63882;49;-32;-217;0
63945;42;-32;-192;0
64008;39;-32;-192;0
64071;36;-32;-192;0
64134;33;-32;-192;0
64197;28;-32;-68;0
64260;27;-32;-68;212
64323;27;-29;-68;212
64386;27;-26;-68;212
64449;27;-19;-68;212
64512;27;-16;-68;212
64575;27;-13;-99;212
64638;27;-12;-99;0
64701;27;-12;-99;0
64764;27;-12;-99;-45
64827;27;-12;-99;-45
64890;26;-12;-122;-45
64953;25;-12;-122;-45
65016;21;-12;-122;-45
65079;18;-12;-122;0
65142;16;-12;-161;0
65205;13;-12;-161;0
65268;11;-12;-161;0
65331;6;-12;-161;0
65394;4;-12;-161;0
65457;3;-12;-59;0
65520;3;-10;-59;258
65583;3;0;-59;258
65646;3;4;-59;258
65709;3;8;-59;258
65772;3;13;-76;258
65835;3;17;-76;0
65898;3;17;-76;0
65961;3;17;-76;-40
66024;3;17;-76;-40
66087;2;17;-114;-40
66150;0;17;-114;-40
66213;-1;17;-114;-40
66276;-3;17;-114;0
66339;-4;17;-114;0
66402;-7;17;-128;0
66465;-9;17;-128;0
66528;-11;17;-128;0
66591;-13;17;-128;0
66654;-16;17;-128;0
66717;-16;17;-70;0
66780;-16;17;-70;83
66843;-16;17;-70;83
66906;-16;17;-70;83
66969;-16;17;-70;83
67032;-16;17;-86;83
67095;-16;17;-86;45
67158;-16;17;-86;45
67221;-16;17;-86;45
67284;-17;17;-143;45
67347;-21;17;-143;0
67410;-25;17;-143;0
67473;-29;17;-144;0
67536;-33;17;-144;45
67599;-35;17;-144;45
67662;-39;17;-144;45
67725;-41;17;-37;45
67788;-41;18;-37;463
67851;-41;21;-37;463
67914;-41;29;-37;463
67977;-41;32;-37;463
68040;-41;36;-28;463
68103;-41;39;-28;136
68166;-41;43;-28;136
68229;-41;45;-28;136
68292;-41;47;-28;136
68355;-41;49;-28;136
68418;-41;51;-42;0
68481;-41;51;-42;0
68544;-41;51;-42;0
68607;-41;51;-42;0
68670;-41;51;-42;0
68733;-41;53;-51;159
68796;-41;56;-51;159
68859;-41;61;-51;159
68922;-41;63;-51;159
68985;-41;67;-51;0
69048;-41;67;-57;0
69111;-41;67;-57;0
69174;-41;67;-57;0
69237;-41;67;-57;0
69300;-41;67;-57;0
69363;-41;67;-65;0
69426;-41;67;-65;0
69489;-41;67;-65;0
69552;-41;67;-65;0
69615;-41;67;-65;0
69678;-41;67;-60;0
69741;-41;67;-60;0
69804;-41;67;-60;0
69867;-41;67;-60;0
69930;-41;67;-60;0
69993;-41;67;-72;0
70056;-41;67;-72;0
70119;-41;67;-72;0
70182;-41;67;-72;201
70245;-41;70;-72;201
70308;-41;74;-55;201
70371;-41;80;-55;201
70434;-41;83;-55;201
70497;-41;87;-55;0
70560;-41;87;-55;0
70623;-41;87;-59;0
70686;-41;87;-59;-66
70749;-41;87;-59;-66
70812;-41;87;-59;-66
70875;-42;87;-120;-66
70938;-44;84;-120;-415
71001;-46;80;-120;-415
71064;-49;73;-120;-415
71127;-51;70;-120;-415
71190;-53;66;-166;-415
71253;-55;63;-166;-113
71316;-60;60;-166;-113
71379;-63;59;-166;-113
71442;-68;56;-177;-113
71505;-74;55;-177;55
71568;-76;55;-177;55
71631;-79;55;-177;0
71694;-82;55;-177;0
71757;-88;55;-204;0
71820;-94;55;-204;0
71883;-97;57;-204;280
71946;-103;66;-89;280
72009;-103;75;-89;280
72072;-103;80;-89;280
72135;-103;85;-89;68
72198;-103;85;-53;68
72261;-103;85;-53;68
72324;-103;85;-53;0
72387;-103;85;-53;0
72450;-103;85;-99;0
72513;-103;85;-99;0
72576;-103;85;-99;0
72639;-103;85;-99;52
72702;-103;85;-99;52
72765;-103;85;-109;52
72828;-103;85;-109;52
72891;-103;85;-109;100
72954;-104;85;-149;100
73017;-109;85;-149;100
73080;-116;85;-149;102
73143;-118;85;-168;102
73206;-125;85;-168;102
73269;-130;87;-168;152
73332;-132;91;-40;152
73395;-132;95;-40;152
73458;-132;103;-40;282
73521;-132;117;0;282
73584;-132;122;0;282
73647;-132;126;0;0
73710;-132;126;0;0
73773;-132;121;65;-268
73836;-132;116;65;-268
73899;-132;112;65;-268
73962;-132;102;65;-268
74025;-132;97;0;0
74088;-132;97;0;0
74151;-132;100;0;481
74214;-132;107;0;481
74277;-132;115;0;481
74340;-132;119;0;0
74403;-132;119;0;0
74466;-132;119;0;-96
74529;-132;119;0;-96
74592;-132;119;0;-96
74655;-132;119;0;-96
74718;-132;119;0;0
74781;-132;119;0;0
74844;-132;119;0;0
74907;-132;122;0;143
74970;-132;124;0;143
75033;-132;126;0;143
75096;-132;130;0;0
75159;-132;130;0;0
75222;-132;130;28;0
75285;-132;130;28;0
75348;-132;130;28;0
75411;-132;130;98;-99
75474;-132;130;98;-99
75537;-132;130;98;-99
75600;-132;130;109;-60
75663;-132;130;109;-60
75726;-132;130;109;-60
75789;-132;130;109;-60
75852;-125;130;318;-75
75915;-118;130;318;-75
75978;-110;130;318;-75
76041;-103;130;377;-76
76104;-96;130;377;-76
76167;-92;130;377;-76
76230;-85;130;344;-76
76293;-77;127;344;-131
76356;-70;124;344;-131
76419;-66;122;344;-131
76482;-58;120;314;-78
76545;-54;120;314;-78
76608;-47;120;314;-78
76671;-43;120;314;-78
76734;-39;120;247;-78
76797;-30;120;247;-41
76860;-25;120;247;-41
76923;-16;120;247;-41
76986;-11;120;287;-41
77049;-8;120;287;-39
77112;2;120;287;-39
77175;10;120;291;-39
77238;17;120;291;-42
77301;21;120;291;-42
77364;24;120;291;-42
77427;31;120;291;-42
77490;36;120;264;-42
77553;41;120;264;-43
77616;50;120;264;-43
77679;55;120;264;-43
77742;64;120;250;-43
77805;74;120;250;0
77868;88;120;250;0
77931;95;120;198;0
77994;105;120;198;0
78057;111;120;134;0
78120;114;120;134;-30
78183;116;120;134;-30
78246;119;120;134;-30
78309;121;120;60;-30
78372;121;120;60;-47
78435;121;120;60;-47
78498;121;120;60;-47
78561;121;120;0;-71
78624;121;120;0;-71
